episode,total_reward,steps,n_licks,n_successes,intra_trial_duration,critic_loss,actor_loss,alpha
1,-3.7,500,240,0,nan,nan,nan,nan
2,-3.86,500,272,0,nan,24.952198,-3.80679,0.9997
3,96.205,500,259,1,136.0,0.12247,-12.258185,0.859261
4,96.17,500,266,1,69.0,1.93616,-17.777138,0.739364
5,96.16,500,268,1,38.0,72.168655,-22.590569,0.636761
6,-3.68,500,236,0,nan,64.680183,-27.091114,0.548565
7,-3.745,500,249,0,nan,60.559723,-30.305422,0.472741
8,-3.835,500,267,0,nan,8.175158,-32.641495,0.407398
9,-3.85,500,270,0,nan,0.519266,-35.367268,0.351176
10,-3.975,500,295,0,nan,0.462337,-36.682983,0.302819
11,-3.845,500,269,0,nan,11.449736,-38.05225,0.261046
12,-3.76,500,252,0,nan,0.829377,-39.057732,0.225081
13,-3.885,500,277,0,nan,0.668518,-39.49028,0.193951
14,-3.935,500,287,0,nan,0.215425,-39.951004,0.166975
15,-3.915,500,283,0,nan,0.375021,-40.546227,0.143737
16,-3.755,500,251,0,nan,31.769768,-40.034096,0.123844
17,96.08,500,284,1,14.0,0.403786,-40.19455,0.106837
18,96.05,500,290,1,13.0,15.86445,-40.649376,0.092288
19,1595.345,500,431,16,13.5625,7.992352,-41.94117,0.083905
20,1895.31,500,438,19,13.210526315789474,18.363285,-47.407623,0.079859
21,1995.255,500,449,20,12.95,93.384651,-52.042519,0.076008
22,1995.13,500,474,20,12.85,17.295231,-58.569241,0.072346
23,1995.035,500,493,20,12.35,150.085754,-70.906441,0.070462
24,1995.03,500,494,20,12.2,1.254327,-74.078896,0.068279
25,1995.05,500,490,20,12.65,61.191257,-85.636269,0.064713
26,1995.045,500,491,20,12.55,0.968924,-92.761627,0.060344
27,1995.035,500,493,20,12.25,47.261086,-102.333809,0.058748
28,2095.01,500,498,21,12.047619047619047,62.214355,-106.875687,0.057795
29,1995.03,500,494,20,12.1,65.128716,-113.704071,0.056072
30,1995.02,500,496,20,12.15,109.190125,-124.546661,0.05808
31,2095.05,500,490,21,12.0,120.661316,-129.351685,0.061387
32,1995.005,500,499,20,12.05,3.99554,-132.292572,0.064609
33,2095.01,500,498,21,12.0,310.379425,-142.454376,0.064383
34,1995.005,500,499,20,12.1,1.505228,-147.590439,0.061115
35,1995.01,500,498,20,12.35,358.816162,-148.998917,0.057956
36,1995.01,500,498,20,12.25,2.023431,-153.446548,0.0553
37,1995.01,500,498,20,12.2,362.263367,-161.950516,0.057554
38,1995.01,500,498,20,12.05,640.719604,-167.685791,0.059585
39,2095.005,500,499,21,12.047619047619047,2.487744,-169.151596,0.05927
40,1995.0,500,500,20,12.05,2.03927,-177.941864,0.060476
41,2095.0,500,500,21,12.095238095238095,2.036457,-182.724579,0.058646
42,1995.005,500,499,20,12.1,6.638234,-184.20871,0.059018
43,2095.01,500,498,21,12.0,3.46866,-188.748444,0.06346
44,2095.0,500,500,21,12.0,204.287292,-200.281174,0.064257
45,2095.0,500,500,21,12.047619047619047,507.581482,-199.085037,0.067468
46,2095.005,500,499,21,12.0,225.68988,-200.978058,0.068252
47,2095.0,500,500,21,12.0,231.363983,-207.535416,0.072875
48,1995.015,500,497,20,12.05,0.977927,-208.428253,0.074822
49,2095.005,500,499,21,12.0,249.743347,-216.23288,0.075397
50,2095.015,500,497,21,12.047619047619047,2.661837,-216.734116,0.071585
51,2095.03,500,494,21,12.0,1.754915,-220.866714,0.069002
52,2095.01,500,498,21,12.0,4.692292,-222.821304,0.065364
53,2095.005,500,499,21,12.095238095238095,297.86792,-227.137985,0.071665
54,2095.005,500,499,21,12.047619047619047,596.212769,-229.066513,0.078636
55,1995.005,500,499,20,12.05,589.113281,-230.815033,0.079389
56,1995.005,500,499,20,12.0,1552.252808,-239.368362,0.082053
57,2095.015,500,497,21,12.047619047619047,1.910099,-236.755051,0.082361
58,1995.0,500,500,20,12.0,680.650452,-242.143372,0.083643
59,1995.0,500,500,20,12.0,337.070374,-244.337906,0.080034
60,2095.0,500,500,21,12.0,1670.321533,-245.484802,0.082988
61,2095.005,500,499,21,12.047619047619047,8.244144,-249.213455,0.075086
62,2095.005,500,499,21,12.0,7.673511,-249.626816,0.07718
63,2095.0,500,500,21,12.0,3.208383,-256.502625,0.078746
64,1995.005,500,499,20,12.05,371.789825,-263.534973,0.077101
65,2095.0,500,500,21,12.0,1.879601,-261.961731,0.074786
66,1995.005,500,499,20,12.0,1.626664,-260.214966,0.075305
67,2095.0,500,500,21,12.0,3.961533,-264.183319,0.077667
68,2095.0,500,500,21,12.0,718.940369,-267.344177,0.078692
69,2095.01,500,498,21,12.047619047619047,13.999893,-263.812714,0.080284
70,2095.0,500,500,21,12.0,841.30719,-265.068817,0.081417
71,2095.015,500,497,21,12.0,3.641217,-275.104431,0.080682
72,2095.0,500,500,21,12.0,6.56391,-274.657379,0.080493
73,1995.025,500,495,20,12.0,3.135916,-273.32666,0.08129
74,2095.005,500,499,21,12.0,3.098301,-281.488495,0.081571
75,2095.01,500,498,21,12.0,465.625732,-280.337891,0.078125
76,1995.0,500,500,20,12.0,484.450562,-279.381073,0.077322
77,1995.03,500,494,20,12.05,3.69891,-284.533264,0.076697
78,2095.0,500,500,21,12.0,1.789226,-285.587555,0.076283
79,2095.005,500,499,21,12.0,1.12251,-288.10437,0.074493
80,1995.07,500,486,20,12.0,529.996948,-288.13324,0.076127
81,1895.375,500,425,19,12.0,3.213379,-291.132294,0.083304
82,1595.655,500,369,16,12.0,1.341939,-288.243927,0.089584
83,1995.02,500,496,20,12.05,489.306274,-289.626495,0.092673
84,1995.005,500,499,20,12.15,1108.025391,-292.823303,0.08645
85,1995.005,500,499,20,12.05,503.726685,-294.167725,0.090381
86,1995.0,500,500,20,12.2,922.51709,-299.570007,0.08788
87,2095.03,500,494,21,12.047619047619047,2.76725,-293.919189,0.082651
88,2095.005,500,499,21,12.047619047619047,1.905548,-296.293091,0.081999
89,1995.03,500,494,20,12.1,1786.618896,-298.819336,0.077542
90,2095.01,500,498,21,12.0,4.327084,-298.135651,0.080424
91,1995.01,500,498,20,12.0,3.509082,-301.267853,0.085164
92,2095.015,500,497,21,12.0,1.445904,-305.906403,0.082387
93,1995.025,500,495,20,12.15,909.85498,-306.654999,0.083225
94,1995.015,500,497,20,12.15,1.468271,-303.928314,0.085826
95,1995.025,500,495,20,12.1,6.83889,-301.7229,0.083811
96,1995.02,500,496,20,12.1,1.654718,-305.723022,0.086597
97,2095.005,500,499,21,12.047619047619047,561.845825,-303.851196,0.081504
98,1995.155,500,469,20,12.6,566.218506,-303.69873,0.080665
99,1995.015,500,497,20,12.1,1.227224,-308.350739,0.078709
100,2095.045,500,491,21,12.0,1851.827148,-306.546234,0.073954
101,2095.005,500,499,21,12.095238095238095,2.311252,-312.203918,0.081424
102,1995.01,500,498,20,12.1,8.590975,-310.263824,0.083404
103,1995.015,500,497,20,12.2,10.893173,-306.171631,0.083802
104,1995.01,500,498,20,12.2,3.81812,-313.591125,0.080268
105,1995.015,500,497,20,12.0,13.566843,-314.506073,0.09099
106,1995.015,500,497,20,12.1,1397.655029,-314.908203,0.089209
107,1995.005,500,499,20,12.15,1.859756,-313.85733,0.089189
108,2095.02,500,496,21,12.0,1.271734,-317.166168,0.090777
109,1995.01,500,498,20,12.2,1.595841,-320.075867,0.083765
110,1995.01,500,498,20,12.25,9.963369,-319.408325,0.08265
111,1995.0,500,500,20,12.4,1042.841675,-319.623505,0.076063
112,1995.005,500,499,20,12.05,3.829797,-324.42804,0.091277
113,1995.005,500,499,20,12.25,1.801112,-319.313782,0.089148
114,2095.02,500,496,21,12.0,2.745258,-323.411743,0.097423
115,1995.02,500,496,20,12.25,1603.131592,-320.194641,0.095147
116,1995.04,500,492,20,12.1,699.535767,-318.971191,0.092598
117,2095.055,500,489,21,12.0,11.764726,-321.217407,0.104398
118,2095.085,500,483,21,12.0,10.063025,-325.630859,0.112267
119,1995.13,500,474,20,12.15,7.646814,-324.86145,0.112318
120,1995.175,500,465,20,12.15,1089.723877,-328.684998,0.119194
121,1995.22,500,456,20,12.1,1014.564758,-322.153748,0.129376
122,1995.38,500,424,20,13.0,0.866115,-327.186493,0.138914
123,1995.48,500,404,20,13.15,2.220136,-328.021484,0.13341
124,1995.585,500,383,20,12.85,1475.637085,-328.253357,0.12556
125,1795.935,500,313,18,15.055555555555555,2.292366,-327.546143,0.122829
126,1896.2,500,260,19,13.631578947368421,1.544859,-327.841217,0.153883
127,2095.955,500,309,21,12.095238095238095,6.206083,-329.396759,0.171034
128,2096.05,500,290,21,12.0,5.952939,-324.589996,0.177028
129,2095.81,500,338,21,12.0,4.534595,-329.93866,0.179484
130,2095.76,500,348,21,12.0,1046.747681,-327.436615,0.162538
131,1995.44,500,412,20,12.2,5.280996,-326.637787,0.154427
132,1995.485,500,403,20,12.55,633.5896,-328.705078,0.142513
133,2095.16,500,468,21,12.0,3511.845947,-327.906158,0.138747
134,1995.24,500,452,20,12.05,3.543951,-330.85968,0.131264
135,2095.39,500,422,21,12.047619047619047,1618.522949,-329.964722,0.128015
136,2095.35,500,430,21,12.0,1.965494,-327.480804,0.123315
137,2095.4,500,420,21,12.0,629.324036,-330.376923,0.128195
138,2095.185,500,463,21,12.0,653.149902,-331.29187,0.143605
139,2095.25,500,450,21,12.047619047619047,17.296455,-324.553833,0.135011
140,2095.265,500,447,21,12.0,2.496703,-327.000763,0.131957
141,1995.31,500,438,20,12.15,611.24646,-329.424438,0.129134
142,2095.245,500,451,21,12.0,1.818097,-331.672546,0.121377
143,2095.265,500,447,21,12.0,19.758263,-329.07016,0.120173
144,2095.225,500,455,21,12.0,603.2724,-330.900513,0.130817
145,2095.335,500,433,21,12.095238095238095,21.348156,-327.999359,0.131563
146,2095.38,500,424,21,12.0,6.30289,-331.379303,0.120422
147,2095.26,500,448,21,12.0,2.71809,-332.836914,0.129279
148,2095.36,500,428,21,12.047619047619047,1017.94812,-331.661957,0.125281
149,2095.405,500,419,21,12.0,1108.622559,-330.523865,0.123024
150,1995.395,500,421,20,12.1,1018.56897,-328.817719,0.123907
151,1995.455,500,409,20,12.2,645.38562,-328.193298,0.126508
152,1995.55,500,390,20,12.1,12.641032,-328.741974,0.12389
153,1995.475,500,405,20,12.6,611.808777,-329.75592,0.11725
154,2095.265,500,447,21,12.0,6.038553,-327.092896,0.125692
155,2095.34,500,432,21,12.0,694.060425,-328.801941,0.137862
156,2095.345,500,431,21,12.0,9.822056,-329.147919,0.127479
157,2095.365,500,427,21,12.0,3.04508,-329.771027,0.123613
158,2095.51,500,398,21,12.0,29.936356,-329.830505,0.117179
159,1995.46,500,408,20,12.0,1281.096924,-329.426056,0.118678
160,2095.53,500,394,21,12.047619047619047,682.873535,-332.871124,0.111681
161,2095.625,500,375,21,12.047619047619047,3.825031,-330.005676,0.117972
162,2095.32,500,436,21,12.0,1.326593,-333.26297,0.122302
163,1995.325,500,435,20,12.0,620.788513,-328.875397,0.122984
164,2095.27,500,446,21,12.0,666.019409,-332.888611,0.131359
165,2095.4,500,420,21,12.047619047619047,1.123663,-333.125397,0.130653
166,2095.495,500,401,21,12.0,1891.115479,-330.428558,0.125085
167,2095.4,500,420,21,12.0,646.262756,-329.569244,0.125863
168,2095.405,500,419,21,12.0,1.87965,-332.935333,0.130512
169,2095.34,500,432,21,12.0,6.385105,-335.141113,0.128479
170,2095.52,500,396,21,12.0,7.125203,-332.050629,0.120033
171,2095.355,500,429,21,12.0,932.852417,-333.359985,0.121496
172,2095.54,500,392,21,12.0,1066.884888,-331.293121,0.111104
173,2095.42,500,416,21,12.0,12.083473,-334.584167,0.112226
174,2095.56,500,388,21,12.0,651.346741,-335.063263,0.122139
175,2095.615,500,377,21,12.0,7.52731,-329.020996,0.110932
176,2095.46,500,408,21,12.0,1.760049,-332.248444,0.118976
177,2095.33,500,434,21,12.0,14.804306,-333.797882,0.124407
178,2095.49,500,402,21,12.0,2.476434,-338.571259,0.122173
179,2095.545,500,391,21,12.0,1119.168091,-334.248535,0.122944
180,2095.535,500,393,21,12.0,1.917021,-335.202087,0.120182
181,2095.515,500,397,21,12.0,712.593933,-334.143311,0.118531
182,1995.745,500,351,20,12.0,9.940372,-332.665802,0.115153
183,2095.78,500,344,21,12.047619047619047,4.184757,-334.52774,0.110994
184,2095.485,500,403,21,12.0,2091.628174,-334.649902,0.116896
185,2095.42,500,416,21,12.0,2.158447,-334.881866,0.119849
186,2095.565,500,387,21,12.0,19.172611,-336.702667,0.119871
187,2095.405,500,419,21,12.0,628.95459,-333.876831,0.122316
188,2095.55,500,390,21,12.0,3.808831,-337.154297,0.116398
189,2095.67,500,366,21,12.0,660.373169,-333.014282,0.116682
190,2095.465,500,407,21,12.0,683.778503,-334.401672,0.123351
191,2095.495,500,401,21,12.0,675.333984,-332.114624,0.135333
192,2095.6,500,380,21,12.0,4.365592,-334.381958,0.127495
193,2095.53,500,394,21,12.0,1.511982,-338.948181,0.130943
194,2095.45,500,410,21,12.0,1121.356201,-336.747192,0.127685
195,2095.625,500,375,21,12.0,631.752808,-333.616028,0.132665
196,2095.495,500,401,21,12.0,639.123901,-338.503082,0.137228
197,2095.59,500,382,21,12.0,1.603336,-335.586823,0.131508
198,2095.48,500,404,21,12.0,2.730103,-336.625885,0.131907
199,2095.375,500,425,21,12.0,2.743458,-339.419006,0.133371
200,2095.555,500,389,21,12.095238095238095,2.143675,-339.143646,0.137592
201,2095.585,500,383,21,12.0,1176.971924,-335.048523,0.137198
202,2095.57,500,386,21,12.0,2.300406,-334.158356,0.136451
203,2095.53,500,394,21,12.0,656.15448,-333.333435,0.136803
204,2095.485,500,403,21,12.0,1037.430664,-334.981476,0.140088
205,2095.705,500,359,21,12.0,5.335665,-337.812286,0.139338
206,2095.57,500,386,21,12.0,17.274517,-333.282715,0.138521
207,2095.465,500,407,21,12.0,1037.328369,-335.108765,0.137948
208,2095.67,500,366,21,12.0,4.136292,-336.132202,0.140559
209,2095.44,500,412,21,12.0,1147.524048,-332.768402,0.144586
210,2095.665,500,367,21,12.0,681.742798,-334.898529,0.149913
211,2095.54,500,392,21,12.0,1489.8396,-334.677979,0.145616
212,2095.595,500,381,21,12.0,1308.113525,-337.98175,0.143576
213,2095.525,500,395,21,12.0,1701.697754,-335.14679,0.144032
214,2095.455,500,409,21,12.0,3.150624,-335.402496,0.154285
215,2095.53,500,394,21,12.0,10.461699,-338.446716,0.163064
216,2095.52,500,396,21,12.0,619.749268,-336.578949,0.164063
217,2095.415,500,417,21,12.0,6.408042,-338.888,0.157073
218,2095.49,500,402,21,12.0,9.865297,-333.065155,0.159098
219,2095.445,500,411,21,12.0,16.159533,-334.865601,0.148401
220,2095.435,500,413,21,12.0,624.033142,-336.872131,0.150835
221,2095.365,500,427,21,12.0,1269.27832,-335.949219,0.145225
222,2095.42,500,416,21,12.0,2.919216,-339.556885,0.136141
223,2095.525,500,395,21,12.0,646.942871,-337.380371,0.132549
224,2095.455,500,409,21,12.0,3.291974,-337.442841,0.136248
225,2095.46,500,408,21,12.0,695.922302,-336.540955,0.132988
226,2095.46,500,408,21,12.0,1.10921,-338.210999,0.127587
227,2095.395,500,421,21,12.0,634.125793,-338.633331,0.121869
228,2095.605,500,379,21,12.0,1353.542725,-336.461914,0.114014
229,2095.58,500,384,21,12.0,2.319647,-336.386505,0.114101
230,2095.575,500,385,21,12.0,1.826951,-339.308228,0.114367
231,2095.465,500,407,21,12.0,836.863098,-337.632263,0.118354
232,2095.335,500,433,21,12.0,3.09269,-340.151337,0.123722
233,2095.51,500,398,21,12.0,684.481812,-335.944427,0.119699
234,1995.645,500,371,20,12.0,3.179815,-341.464844,0.123327
235,2095.525,500,395,21,12.0,5.609967,-334.846527,0.126098
236,2095.4,500,420,21,12.0,714.665771,-334.371399,0.124148
237,2095.49,500,402,21,12.0,1.157245,-339.16098,0.125006
238,2095.545,500,391,21,12.0,1.799031,-337.605652,0.125529
239,2095.46,500,408,21,12.0,666.544739,-339.433319,0.127387
240,2095.675,500,365,21,12.0,1135.423828,-340.622162,0.120255
241,2095.72,500,356,21,12.0,7.26394,-343.054413,0.115807
242,2095.74,500,352,21,12.0,5.989676,-343.424866,0.12335
243,2095.47,500,406,21,12.0,22.238426,-334.249908,0.129136
244,2095.52,500,396,21,12.0,3.325027,-340.77121,0.132121
245,2095.49,500,402,21,12.0,1330.342651,-339.447235,0.129142
246,2095.44,500,412,21,12.0,4.230976,-338.676605,0.131456
247,2095.465,500,407,21,12.0,4.100535,-340.797089,0.127583
248,2095.545,500,391,21,12.0,0.825855,-342.674133,0.125057
249,2095.55,500,390,21,12.0,19.893673,-338.229034,0.123868
250,2095.525,500,395,21,12.0,6.374116,-339.418121,0.121531
251,2095.765,500,347,21,12.0,634.880554,-337.808594,0.121581
252,2095.635,500,373,21,12.0,3.291443,-340.953156,0.119613
253,2095.725,500,355,21,12.0,2779.459717,-342.028137,0.121111
254,2095.58,500,384,21,12.0,692.501953,-339.594208,0.120497
255,2095.535,500,393,21,12.0,3.662843,-340.195862,0.12052
256,2095.505,500,399,21,12.0,681.082886,-339.763519,0.115749
257,2095.465,500,407,21,12.0,6.031216,-342.172791,0.122165
258,2095.56,500,388,21,12.0,3.138276,-337.002258,0.11886
259,2095.69,500,362,21,12.0,3.979678,-339.604889,0.117675
260,2095.67,500,366,21,12.0,14.286183,-338.490479,0.119198
261,2095.535,500,393,21,12.0,2.541216,-341.037415,0.117582
262,2095.615,500,377,21,12.0,2.014581,-339.244568,0.121799
263,2095.7,500,360,21,12.0,2.55818,-340.200714,0.121677
264,2095.65,500,370,21,12.0,21.05587,-338.768524,0.121578
265,2095.585,500,383,21,12.0,5.326395,-342.123932,0.116803
266,2095.62,500,376,21,12.0,1.362107,-342.084869,0.118933
267,2095.69,500,362,21,12.0,1315.863281,-337.210022,0.122296
268,2095.85,500,330,21,12.0,12.580615,-340.412506,0.119771
269,2095.905,500,319,21,12.0,1.496743,-343.579926,0.112035
270,2095.64,500,372,21,12.0,3.626465,-341.122833,0.122162
271,2095.6,500,380,21,12.0,8.908992,-337.458374,0.125076
272,2095.53,500,394,21,12.0,2.655994,-341.914185,0.126547
273,2095.78,500,344,21,12.0,655.108826,-341.560699,0.126852
274,2095.795,500,341,21,12.0,692.755859,-339.587036,0.13398
275,2095.625,500,375,21,12.0,651.38269,-341.320404,0.133208
276,2095.715,500,357,21,12.0,7.085454,-338.701843,0.132938
277,2095.6,500,380,21,12.0,4.501855,-340.206451,0.13727
278,2095.68,500,364,21,12.0,3.855496,-340.112488,0.136442
279,2095.555,500,389,21,12.0,1.455147,-341.701904,0.135311
280,2095.605,500,379,21,12.0,2.588657,-340.27356,0.131518
281,2095.605,500,379,21,12.0,3.397878,-342.303741,0.128554
282,2095.735,500,353,21,12.0,3.028303,-342.018585,0.127481
283,2095.82,500,336,21,12.047619047619047,5.840555,-342.511536,0.128634
284,2095.935,500,313,21,12.0,4.14463,-341.17395,0.123504
285,1796.09,500,282,18,13.833333333333334,7.322885,-342.093384,0.126097
286,1995.645,500,371,20,12.3,716.120728,-339.198456,0.124999
287,2095.36,500,428,21,12.0,1342.027466,-340.042786,0.131677
288,1995.55,500,390,20,12.0,2.257248,-341.798035,0.122262
289,2095.68,500,364,21,12.0,668.617554,-340.903931,0.118401
290,2095.66,500,368,21,12.0,4.643508,-340.257904,0.11884
291,2095.895,500,321,21,12.0,3.042172,-340.410492,0.120001
292,2095.76,500,348,21,12.0,1.96559,-341.5065,0.120923
293,2095.82,500,336,21,12.0,6.854376,-338.587494,0.117674
294,2095.705,500,359,21,12.0,653.513123,-337.44397,0.115951
295,2095.64,500,372,21,12.0,8.07689,-338.853882,0.112004
296,2095.615,500,377,21,12.0,711.173096,-340.080994,0.109385
297,2095.665,500,367,21,12.0,4.909607,-343.84613,0.106742
298,2095.81,500,338,21,12.0,1.378416,-344.071808,0.11332
299,2095.95,500,310,21,12.0,1418.254883,-339.699677,0.105352
300,2095.63,500,374,21,12.0,1.230015,-346.049744,0.095084
301,2095.705,500,359,21,12.0,667.958862,-342.546753,0.093154
302,2095.62,500,376,21,12.0,694.752502,-341.249573,0.095304
303,2095.57,500,386,21,12.0,17.418583,-340.156433,0.091474
304,2095.61,500,378,21,12.0,704.716919,-340.703705,0.09277
305,2095.595,500,381,21,12.0,3.74952,-344.482391,0.09214
306,2095.735,500,353,21,12.0,6.699747,-341.243103,0.090822
307,2095.78,500,344,21,12.0,3.554298,-341.368134,0.090554
308,2095.77,500,346,21,12.0,657.342834,-345.673828,0.092644
309,2095.625,500,375,21,12.0,2.383899,-343.476837,0.094529
310,2095.58,500,384,21,12.0,8.54615,-344.064209,0.093129
311,2095.7,500,360,21,12.0,1.601934,-343.992554,0.089814
312,2095.74,500,352,21,12.0,678.510193,-341.15744,0.089528
313,2096.005,500,299,21,12.0,1034.929565,-341.378937,0.089165
314,2095.77,500,346,21,12.0,2067.037842,-343.329529,0.09154
315,2095.945,500,311,21,12.0,684.101685,-342.363037,0.093299
316,2095.815,500,337,21,12.0,5.22893,-345.338257,0.098432
317,2095.73,500,354,21,12.0,3.31814,-343.398926,0.095926
318,2095.605,500,379,21,12.0,1397.793945,-341.525696,0.096854
319,2095.745,500,351,21,12.0,3.262727,-341.776123,0.097448
320,2095.685,500,363,21,12.0,4.084375,-343.180542,0.096292
321,2095.65,500,370,21,12.0,3.808586,-344.19104,0.096516
322,2095.625,500,375,21,12.0,764.835083,-345.075012,0.094671
323,2095.74,500,352,21,12.0,13.497049,-345.316498,0.094968
324,2095.705,500,359,21,12.0,2.691425,-344.24762,0.096452
325,2095.855,500,329,21,12.0,2.169212,-340.572632,0.094962
326,2095.825,500,335,21,12.0,2.629133,-343.739868,0.095568
327,2095.675,500,365,21,12.0,8.970245,-343.138367,0.096059
328,2095.735,500,353,21,12.0,1.707373,-343.362671,0.096463
329,2095.675,500,365,21,12.0,3.299763,-343.753296,0.098726
330,2095.66,500,368,21,12.0,655.435852,-342.443237,0.09997
331,2095.675,500,365,21,12.0,4.374238,-343.269073,0.102095
332,2095.625,500,375,21,12.047619047619047,728.739929,-344.874298,0.097769
333,2095.5,500,400,21,12.0,2.158817,-344.178711,0.095454
334,2095.705,500,359,21,12.0,2.519959,-345.191772,0.096983
335,2095.83,500,334,21,12.047619047619047,9.511962,-342.704041,0.097612
336,2095.61,500,378,21,12.0,732.312378,-339.305511,0.100163
337,2095.7,500,360,21,12.0,706.715454,-343.666412,0.092358
338,2095.575,500,385,21,12.0,1390.371216,-343.642395,0.092115
339,1995.85,500,330,20,12.0,3.051272,-345.860687,0.088798
340,2095.795,500,341,21,12.0,1403.49585,-344.850922,0.090826
341,2095.9,500,320,21,12.0,25.273056,-340.080872,0.091417
342,2095.69,500,362,21,12.0,1292.701904,-343.142273,0.094923
343,2095.735,500,353,21,12.0,684.984619,-342.378754,0.095076
344,2095.805,500,339,21,12.0,5.036476,-345.354218,0.092456
345,2095.745,500,351,21,12.0,3.836358,-345.488037,0.093272
346,2095.645,500,371,21,12.0,1416.913818,-346.401672,0.092434
347,2095.65,500,370,21,12.0,737.881165,-344.828064,0.09268
348,2095.7,500,360,21,12.0,1422.818604,-342.70459,0.090924
349,2095.86,500,328,21,12.0,1.244167,-344.300262,0.090432
350,2095.8,500,340,21,12.0,2.302884,-345.092407,0.093257
351,2095.72,500,356,21,12.0,10.617374,-344.235809,0.096274
352,2095.87,500,326,21,12.0,5.583179,-342.58313,0.095164
353,2095.875,500,325,21,12.0,696.809998,-344.179993,0.092558
354,2095.79,500,342,21,12.0,7.075851,-344.327393,0.092413
355,2095.77,500,346,21,12.0,1451.694824,-346.916016,0.093808
356,2095.705,500,359,21,12.0,763.967896,-343.61084,0.096753
357,2095.685,500,363,21,12.0,1.51834,-345.371765,0.10086
358,2095.69,500,362,21,12.0,744.358948,-346.097992,0.100401
359,2095.74,500,352,21,12.0,1.308675,-345.786255,0.103092
360,2095.645,500,371,21,12.0,689.197388,-346.050507,0.104014
361,2095.835,500,333,21,12.0,722.324585,-346.745331,0.102297
362,2095.6,500,380,21,12.0,664.196899,-349.173584,0.105588
363,1995.61,500,378,20,12.05,1.808681,-345.672424,0.106848
364,2095.765,500,347,21,12.0,660.743774,-340.630798,0.104574
365,2095.74,500,352,21,12.0,669.773682,-346.355621,0.102172
366,2095.75,500,350,21,12.0,1420.760498,-345.604645,0.102897
367,2095.63,500,374,21,12.0,2.024115,-345.008423,0.102755
368,2095.695,500,361,21,12.0,1406.800903,-348.752808,0.104176
369,2095.785,500,343,21,12.0,678.433044,-344.881165,0.104069
370,2095.66,500,368,21,12.0,6.79952,-347.897797,0.103385
371,2095.795,500,341,21,12.0,723.241821,-348.210541,0.103642
372,2095.705,500,359,21,12.0,699.431763,-346.83902,0.103434
373,2095.73,500,354,21,12.0,712.868591,-347.445831,0.106617
374,2095.66,500,368,21,12.0,2117.915039,-344.545319,0.110947
375,2095.63,500,374,21,12.0,1.713967,-343.486572,0.111211
376,2095.66,500,368,21,12.0,3.948238,-344.638672,0.10891
377,2095.705,500,359,21,12.0,1.679091,-346.972748,0.110454
378,2095.61,500,378,21,12.0,6.267069,-345.805695,0.107856
379,2095.77,500,346,21,12.0,693.889282,-348.107239,0.103309
380,2095.805,500,339,21,12.0,673.925049,-346.801788,0.104299
381,2095.87,500,326,21,12.0,1416.404663,-346.705536,0.103884
382,2095.76,500,348,21,12.0,2.157804,-346.397095,0.107033
383,2095.77,500,346,21,12.0,2.965201,-348.285675,0.104791
384,2095.705,500,359,21,12.0,1384.299194,-346.406006,0.10634
385,2095.725,500,355,21,12.0,8.483753,-345.998077,0.110861
386,2095.725,500,355,21,12.0,692.178711,-346.015717,0.11142
387,2095.73,500,354,21,12.0,696.098145,-347.865723,0.110214
388,2095.665,500,367,21,12.0,1.519773,-347.206787,0.10701
389,2095.755,500,349,21,12.0,22.018698,-346.338531,0.104921
390,2095.785,500,343,21,12.0,730.710083,-346.034851,0.101983
391,2095.65,500,370,21,12.0,2.792299,-346.455719,0.099588
392,2095.725,500,355,21,12.0,2.162537,-349.114502,0.106325
393,2095.54,500,392,21,12.0,727.61676,-345.786957,0.10923
394,2095.715,500,357,21,12.0,742.753662,-343.908691,0.107853
395,2096.06,500,288,21,12.0,3.782658,-344.188629,0.105659
396,2095.85,500,330,21,12.0,1.33615,-346.078674,0.101129
397,2095.8,500,340,21,12.0,675.874512,-346.158783,0.098392
398,2096.15,500,270,21,12.0,2.330897,-346.989899,0.092711
399,2096.175,500,265,21,12.0,1.368878,-348.630432,0.091566
400,2095.84,500,332,21,12.0,5.433975,-349.133698,0.09687
401,2095.7,500,360,21,12.0,1.601134,-346.30777,0.098828
402,1995.71,500,358,20,12.05,3.540925,-348.10556,0.097043
403,2095.65,500,370,21,12.0,4.049724,-345.688171,0.104087
404,2095.815,500,337,21,12.0,5.698157,-345.418304,0.09982
405,2095.97,500,306,21,12.0,754.317749,-349.256744,0.091802
406,2096.175,500,265,21,12.0,1.53745,-347.023285,0.093343
407,2095.995,500,301,21,12.0,757.84845,-349.037445,0.093648
408,2096.195,500,261,21,12.0,5.905675,-349.324493,0.093128
409,2095.92,500,316,21,12.0,3.78948,-344.673462,0.092218
410,2095.815,500,337,21,12.0,0.40473,-347.428223,0.095376
411,2095.785,500,343,21,12.0,9.531072,-346.63504,0.097657
412,2095.765,500,347,21,12.0,715.363831,-344.063721,0.095737
413,2095.86,500,328,21,12.0,756.75116,-346.403076,0.099401
414,2095.905,500,319,21,12.0,0.637629,-348.119171,0.099843
415,2095.675,500,365,21,12.0,698.299438,-347.910797,0.105551
416,2095.815,500,337,21,12.0,673.318237,-349.037231,0.099898
417,1995.735,500,353,20,12.1,1.983853,-350.10144,0.093727
418,2095.665,500,367,21,12.0,4.493487,-346.895935,0.097397
419,2095.585,500,383,21,12.0,5.836164,-350.590149,0.098205
420,2095.765,500,347,21,12.0,1.7763,-348.070007,0.095708
421,2095.74,500,352,21,12.0,668.385498,-343.973938,0.09842
422,2096.04,500,292,21,12.0,1514.061768,-345.857178,0.092435
423,2095.895,500,321,21,12.0,1.14512,-347.210815,0.091825
424,2095.815,500,337,21,12.0,3.27451,-347.008514,0.101763
425,2095.78,500,344,21,12.0,3.064621,-348.011353,0.100223
426,2096.205,500,259,21,12.0,695.121338,-345.228668,0.097818
427,2095.74,500,352,21,12.0,1517.025391,-348.122253,0.104406
428,2095.865,500,327,21,12.0,1467.678955,-345.55484,0.104883
429,2095.96,500,308,21,12.0,763.495605,-345.491699,0.107426
430,2095.88,500,324,21,12.0,1174.199829,-342.757812,0.106702
431,2095.725,500,355,21,12.0,742.142029,-344.827789,0.104795
432,1995.97,500,306,20,12.0,743.050781,-343.740906,0.104944
433,2095.725,500,355,21,12.0,2.135813,-344.871216,0.10756
434,2095.83,500,334,21,12.0,4.304707,-345.163483,0.104017
435,2095.835,500,333,21,12.0,1.91664,-346.851105,0.104821
436,2095.69,500,362,21,12.0,1.245556,-346.338959,0.107536
437,2095.875,500,325,21,12.0,18.424986,-343.927612,0.10502
438,2095.75,500,350,21,12.0,742.412476,-345.979187,0.109274
439,1996.035,500,293,20,12.0,2.313042,-345.476837,0.105369
440,2096.05,500,290,21,12.047619047619047,3.707088,-345.364044,0.106807
441,2095.95,500,310,21,12.0,8.02679,-347.807159,0.109316
442,2095.91,500,318,21,12.0,1328.389404,-343.060455,0.106553
443,2096.03,500,294,21,12.0,1.670368,-346.833038,0.105975
444,2096.105,500,279,21,12.0,723.6698,-345.279846,0.103519
445,2095.84,500,332,21,12.0,0.689991,-348.654846,0.102786
446,2095.815,500,337,21,12.0,1.28015,-346.280121,0.102621
447,2095.915,500,317,21,12.0,0.88998,-344.688965,0.102994
448,2095.615,500,377,21,12.047619047619047,7.022092,-343.414673,0.105886
449,2095.9,500,320,21,12.0,0.48894,-346.285187,0.110989
450,2096.225,500,255,21,12.0,692.893311,-347.138031,0.112046
451,2096.295,500,241,21,12.0,1.569882,-348.296875,0.117819
452,2096.195,500,261,21,12.0,4.485068,-348.265778,0.120939
453,2096.225,500,255,21,12.047619047619047,770.054932,-345.763031,0.11452
454,1996.125,500,275,20,12.0,1.737027,-348.265961,0.112247
455,2096.105,500,279,21,12.0,2.014758,-346.071472,0.111987
456,2095.955,500,309,21,12.0,6.154701,-346.101135,0.115367
457,2096.17,500,266,21,12.0,10.328081,-343.232635,0.12161
458,2096.09,500,282,21,12.0,11.499134,-344.414734,0.121268
459,1996.17,500,266,20,12.05,1.723543,-344.821716,0.118387
460,2096.005,500,299,21,12.0,2.930378,-344.8703,0.115111
461,2095.995,500,301,21,12.0,2.640558,-348.588715,0.11615
462,2096.0,500,300,21,12.0,2.739916,-345.730804,0.116905
463,2095.955,500,309,21,12.0,1.171257,-347.077087,0.117091
464,2096.055,500,289,21,12.0,774.478027,-346.441223,0.117101
465,2096.165,500,267,21,12.0,725.610535,-344.129578,0.123551
466,1996.15,500,270,20,12.1,1447.143921,-346.643372,0.122085
467,2096.215,500,257,21,12.0,1876.772949,-343.936401,0.124073
468,2096.11,500,278,21,12.0,1393.867188,-352.003693,0.124839
469,2096.23,500,254,21,12.0,2.214881,-346.44104,0.127416
470,2096.08,500,284,21,12.0,1.606518,-346.39978,0.125628
471,2096.125,500,275,21,12.0,1484.29248,-347.905975,0.123379
472,2095.995,500,301,21,12.0,5.729894,-346.198303,0.118825
473,2096.0,500,300,21,12.047619047619047,677.675781,-345.739197,0.117533
474,2095.88,500,324,21,12.0,22.493607,-343.994568,0.11722
475,2096.03,500,294,21,12.0,1468.976318,-345.612,0.123874
476,2096.155,500,269,21,12.0,720.32605,-346.646423,0.125038
477,2096.16,500,268,21,12.047619047619047,1.834213,-349.213715,0.123982
478,2096.035,500,293,21,12.095238095238095,1.693848,-344.663086,0.119832
479,2096.2,500,260,21,12.0,724.493408,-346.491577,0.12332
480,2096.155,500,269,21,12.0,726.171204,-351.953217,0.126741
481,2096.27,500,246,21,12.047619047619047,778.904785,-344.223969,0.124146
482,2095.995,500,301,21,12.0,1.122667,-345.592102,0.118918
483,2095.93,500,314,21,12.0,3.253914,-344.695526,0.116174
484,2095.985,500,303,21,12.0,4.295763,-344.902863,0.116294
485,2096.055,500,289,21,12.0,693.093384,-350.219604,0.115609
486,2095.83,500,334,21,12.0,3.483417,-346.04599,0.11747
487,2095.975,500,305,21,12.047619047619047,673.997192,-347.951324,0.123005
488,2095.945,500,311,21,12.0,2.769498,-345.230957,0.118915
489,1996.035,500,293,20,12.05,16.10346,-343.797516,0.118002
490,2096.08,500,284,21,12.0,5.770014,-345.939575,0.118464
491,2095.83,500,334,21,12.0,3.593492,-348.450928,0.113774
492,2096.065,500,287,21,12.0,6.125729,-348.990814,0.118458
493,2096.2,500,260,21,12.0,731.788452,-348.110779,0.11675
494,2096.15,500,270,21,12.047619047619047,0.968862,-347.25531,0.110847
495,2095.98,500,304,21,12.0,753.080994,-345.887543,0.105004
496,2096.08,500,284,21,12.0,3.625941,-345.146851,0.10635
497,2096.09,500,282,21,12.0,729.766602,-345.581268,0.113778
498,2095.955,500,309,21,12.0,2.022395,-346.588013,0.108342
499,2095.815,500,337,21,12.0,1183.145752,-351.421204,0.109139
500,1995.96,500,308,20,12.0,1875.977295,-344.153015,0.110188
501,2095.895,500,321,21,12.047619047619047,779.344727,-350.625671,0.109975
502,2095.965,500,307,21,12.095238095238095,1.313239,-346.794067,0.104146
503,2095.795,500,341,21,12.047619047619047,6.518726,-346.148315,0.09887
504,1996.095,500,281,20,12.05,5.657681,-342.683197,0.104266
505,2095.965,500,307,21,12.0,676.260864,-346.540527,0.112614
506,2096.01,500,298,21,12.142857142857142,2.714584,-348.700439,0.108892
507,2095.83,500,334,21,12.095238095238095,682.961304,-350.463562,0.101514
508,2095.94,500,312,21,12.047619047619047,1.664012,-346.525208,0.100627
509,1996.14,500,272,20,12.0,728.241211,-346.671692,0.110534
510,2096.01,500,298,21,12.095238095238095,6.057868,-344.965149,0.113821
511,2095.985,500,303,21,12.0,1326.529297,-347.729431,0.119505
512,1996.13,500,274,20,12.05,1.701903,-345.788849,0.122126
513,2096.04,500,292,21,12.047619047619047,718.074097,-347.663574,0.119138
514,2096.12,500,276,21,12.0,787.059937,-348.201813,0.114983
515,2096.085,500,283,21,12.047619047619047,692.481628,-344.92334,0.117778
516,2096.14,500,272,21,12.0,3.015561,-344.981537,0.121614
517,2096.18,500,264,21,12.0,1.409161,-343.578094,0.11588
518,2096.05,500,290,21,12.047619047619047,747.143188,-347.115234,0.10911
519,2096.01,500,298,21,12.0,0.998648,-349.318115,0.113709
520,2095.99,500,302,21,12.047619047619047,671.785156,-344.792755,0.109635
521,2096.03,500,294,21,12.047619047619047,698.265503,-347.972198,0.109203
522,1995.96,500,308,20,12.1,688.284912,-345.333191,0.103953
523,2096.23,500,254,21,12.0,0.89418,-344.758057,0.109223
524,2095.93,500,314,21,12.0,726.118652,-347.904785,0.104913
525,2096.04,500,292,21,12.047619047619047,1951.46521,-345.405701,0.101586
526,2095.995,500,301,21,12.0,12.463021,-340.70105,0.099625
527,2095.97,500,306,21,12.0,1.10497,-345.436829,0.095873
528,2096.09,500,282,21,12.047619047619047,11.090225,-348.133514,0.094019
529,2096.015,500,297,21,12.0,5.693211,-346.680756,0.090947
530,1996.185,500,263,20,12.1,1412.162964,-343.990784,0.094548
531,2096.375,500,225,21,12.0,4.670769,-345.705933,0.096253
532,1996.22,500,256,20,12.1,666.941223,-345.242706,0.089836
533,1996.04,500,292,20,12.2,1.484913,-345.559021,0.084009
534,1996.085,500,283,20,12.3,10.435629,-348.609863,0.080037
535,1996.275,500,245,20,12.4,11.158957,-347.860077,0.074963
536,1996.215,500,257,20,12.3,732.470032,-342.942383,0.082428
537,2096.185,500,263,21,12.095238095238095,1413.144043,-348.483185,0.085091
538,2096.225,500,255,21,12.0,12.520222,-346.504944,0.089668
539,1996.085,500,283,20,12.25,12.360596,-345.591125,0.08857
540,2096.305,500,239,21,12.0,1190.400391,-346.185516,0.094534
541,2096.165,500,267,21,12.142857142857142,15.847417,-344.443695,0.086093
542,1995.92,500,316,20,12.3,7.72975,-341.624847,0.08314
543,2096.34,500,232,21,12.095238095238095,2.232206,-349.310059,0.088781
544,1996.225,500,255,20,12.2,7.557621,-349.178558,0.080517
545,1996.32,500,236,20,12.5,756.006409,-348.583984,0.082444
546,1996.3,500,240,20,12.7,736.916992,-345.883942,0.079888
547,1996.34,500,232,20,12.6,712.146912,-347.529388,0.088492
548,1996.02,500,296,20,12.45,12.561178,-349.284943,0.087677
549,1996.17,500,266,20,12.45,0.627999,-348.966156,0.091136
550,2096.125,500,275,21,12.142857142857142,732.655151,-347.318115,0.09767
551,1996.16,500,268,20,12.2,2.858178,-349.100128,0.099115
552,2096.235,500,253,21,12.047619047619047,1476.919067,-347.297943,0.105654
553,1996.265,500,247,20,12.3,0.795281,-349.209625,0.095606
554,1996.215,500,257,20,12.25,737.861206,-345.590729,0.092476
555,2096.2,500,260,21,12.047619047619047,5.170196,-350.161438,0.101118
556,1996.3,500,240,20,12.15,2.189116,-348.15686,0.109765
557,1996.235,500,253,20,12.1,0.551217,-347.758514,0.102416
558,2096.08,500,284,21,12.142857142857142,4.337772,-350.831848,0.100294
559,2096.25,500,250,21,12.0,2.010532,-353.099274,0.108618
560,2096.285,500,243,21,12.0,7.938015,-349.090729,0.11178
561,2096.39,500,222,21,12.0,1495.5625,-349.732208,0.108703
562,2096.205,500,259,21,12.047619047619047,1.126134,-352.920288,0.104345
563,2096.345,500,231,21,12.095238095238095,4.726683,-351.20459,0.106182
564,1996.22,500,256,20,12.05,0.717866,-352.335175,0.102903
565,2096.265,500,247,21,12.0,699.037476,-350.544739,0.102535
566,2096.22,500,256,21,12.0,1115.603027,-349.392548,0.102211
567,2096.275,500,245,21,12.0,4.598446,-351.924957,0.103848
568,2096.375,500,225,21,12.0,793.531006,-350.46048,0.107498
569,2096.305,500,239,21,12.0,2136.134521,-348.814575,0.114969
570,1996.455,500,209,20,12.2,2.130079,-352.62796,0.11769
571,2096.505,500,199,21,12.0,795.440735,-350.17511,0.115294
572,2096.435,500,213,21,12.142857142857142,1.647743,-350.256256,0.114899
573,1996.37,500,226,20,12.1,729.963074,-351.4505,0.103377
574,2096.325,500,235,21,12.095238095238095,1126.748535,-347.801453,0.102721
575,2096.445,500,211,21,12.0,3.515154,-352.210754,0.108603
576,2096.28,500,244,21,12.047619047619047,1537.009399,-352.602234,0.107467
577,2096.26,500,248,21,12.142857142857142,725.540527,-350.268494,0.108955
578,2096.13,500,274,21,12.0,704.692627,-349.688904,0.105704
579,2096.21,500,258,21,12.047619047619047,3.353038,-352.964203,0.109588
580,2096.22,500,256,21,12.095238095238095,1511.659668,-351.06543,0.111542
581,2096.29,500,242,21,12.0,4.549333,-350.872772,0.103468
582,2096.42,500,216,21,12.047619047619047,1446.945557,-351.088715,0.115984
583,2096.225,500,255,21,12.047619047619047,1.445725,-350.908569,0.104796
584,2096.11,500,278,21,12.047619047619047,1.544765,-350.148895,0.095769
585,1996.405,500,219,20,12.2,1.272332,-349.009277,0.097953
586,1996.29,500,242,20,12.25,2.204321,-349.907196,0.095775
587,1996.16,500,268,20,12.2,1957.817505,-348.430756,0.096986
588,1996.27,500,246,20,12.2,1.42262,-352.285919,0.105841
589,1996.305,500,239,20,12.05,1870.077881,-350.094147,0.107556
590,2096.285,500,243,21,12.047619047619047,763.199524,-350.110382,0.10715
591,2096.34,500,232,21,12.095238095238095,744.662964,-348.870422,0.099358
592,1996.45,500,210,20,12.15,715.919128,-349.588287,0.098186
593,1996.335,500,233,20,12.45,6.144579,-345.830505,0.092317
594,1996.4,500,220,20,12.25,1.84642,-350.093536,0.10115
595,2096.38,500,224,21,12.047619047619047,1192.137573,-346.268738,0.111311
596,2096.44,500,212,21,12.047619047619047,1.560769,-350.738739,0.112945
597,1996.23,500,254,20,12.2,1.196585,-352.075409,0.106885
598,1996.195,500,261,20,12.25,1089.230835,-349.277618,0.104264
599,2096.155,500,269,21,12.095238095238095,1.669383,-350.717987,0.098561
600,1996.235,500,253,20,12.2,1070.009277,-344.690643,0.094858
601,1996.17,500,266,20,12.3,777.614746,-348.310913,0.093899
602,1996.395,500,221,20,12.15,10.363909,-347.892426,0.107413
603,2096.42,500,216,21,12.047619047619047,2.506975,-347.496155,0.114449
604,2096.31,500,238,21,12.047619047619047,682.258545,-349.554413,0.112594
605,2096.325,500,235,21,12.095238095238095,1448.71167,-348.2948,0.109667
606,1996.28,500,244,20,12.25,0.74362,-349.997437,0.100967
607,1996.225,500,255,20,12.9,3.518856,-347.130768,0.097023
608,1996.2,500,260,20,12.85,4.558463,-349.957794,0.104326
609,1996.225,500,255,20,12.35,1.553319,-348.960114,0.109052
610,1996.215,500,257,20,12.4,707.312622,-345.602325,0.10864
611,1996.24,500,252,20,12.45,2225.682617,-347.319183,0.11298
612,1996.17,500,266,20,12.45,691.38385,-347.327301,0.106003
613,1996.145,500,271,20,12.65,1183.487305,-346.576935,0.102426
614,1996.175,500,265,20,12.65,1115.273071,-343.640869,0.10276
615,1995.99,500,302,20,12.2,5.765171,-346.89801,0.102482
616,2096.15,500,270,21,12.0,6.331149,-344.071503,0.107442
617,2096.16,500,268,21,12.142857142857142,1195.856201,-345.759796,0.108825
618,2096.1,500,280,21,12.047619047619047,1027.54541,-344.252136,0.106319
619,2096.075,500,285,21,12.0,1.765144,-348.109894,0.115506
620,2096.225,500,255,21,12.047619047619047,1104.437012,-345.753265,0.12121
621,2096.31,500,238,21,12.047619047619047,2180.983887,-343.927765,0.120409
622,2096.255,500,249,21,12.0,1716.219482,-350.547943,0.11854
623,2096.255,500,249,21,12.047619047619047,2.872437,-346.969208,0.113785
624,2096.2,500,260,21,12.047619047619047,4.126541,-348.248047,0.114341
625,2096.185,500,263,21,12.047619047619047,1.024538,-347.397827,0.11244
626,1996.18,500,264,20,12.2,1187.787109,-345.403961,0.111046
627,1996.195,500,261,20,12.4,1.359906,-342.961975,0.104341
628,1996.265,500,247,20,12.75,1.449099,-345.310242,0.109114
629,1996.19,500,262,20,12.85,1024.813477,-345.839844,0.109221
630,1996.115,500,277,20,12.55,3129.764648,-343.287659,0.113143
631,1995.93,500,314,20,12.05,1.163963,-347.730194,0.118118
632,1996.155,500,269,20,12.25,1.39499,-342.964203,0.121154
633,2096.255,500,249,21,12.095238095238095,0.947556,-350.420105,0.120601
634,1996.185,500,263,20,12.35,2.26068,-346.480042,0.116074
635,1996.285,500,243,20,12.15,1.807388,-348.158447,0.115696
636,2096.155,500,269,21,12.047619047619047,744.297485,-345.028229,0.125087
637,1996.23,500,254,20,12.2,1096.072021,-348.428131,0.122647
638,1996.165,500,267,20,12.45,1192.369873,-347.096893,0.117037
639,1996.145,500,271,20,12.5,6.094256,-347.304962,0.114526
640,1996.03,500,294,20,12.65,700.883545,-342.664917,0.115168
641,1996.12,500,276,20,12.5,9.887163,-343.29834,0.121373
642,1996.265,500,247,20,12.15,0.674685,-347.767578,0.125685
643,1996.105,500,279,20,12.15,0.745463,-343.614502,0.137492
644,2096.33,500,234,21,12.095238095238095,673.816711,-344.442841,0.141839
645,2096.385,500,223,21,12.142857142857142,1937.675415,-345.059937,0.13762
646,2096.305,500,239,21,12.047619047619047,1.758182,-345.99411,0.12877
647,1996.18,500,264,20,12.15,1845.287598,-340.199829,0.120085
648,1996.225,500,255,20,12.4,1.020727,-345.637451,0.114847
649,1996.175,500,265,20,12.35,5.256766,-344.68161,0.116979
650,2096.2,500,260,21,12.19047619047619,680.972046,-345.742004,0.12111
651,1996.165,500,267,20,12.2,700.625854,-343.863953,0.120181
652,1996.165,500,267,20,12.45,0.64448,-345.651398,0.114097
653,1996.01,500,298,20,12.8,10.545155,-345.488159,0.113019
654,1996.405,500,219,20,12.2,7.800259,-343.704224,0.123491
655,1996.11,500,278,20,12.6,719.634033,-343.388641,0.122191
656,1996.05,500,290,20,12.95,4.777104,-343.584442,0.116668
657,1995.96,500,308,20,12.8,1088.684326,-343.501129,0.111458
658,1996.055,500,289,20,12.85,1.076768,-346.742615,0.10972
659,1996.03,500,294,20,12.8,0.932808,-344.921417,0.111258
660,1996.045,500,291,20,12.85,4.414261,-343.516327,0.109625
661,1996.04,500,292,20,13.0,701.096313,-343.470917,0.115341
662,1995.995,500,301,20,13.0,1017.472473,-347.123138,0.109744
663,1995.975,500,305,20,13.0,1169.053223,-346.110382,0.108747
664,1996.03,500,294,20,13.0,1016.546021,-343.419983,0.113173
665,1996.07,500,286,20,13.0,971.909729,-341.963501,0.114458
666,1996.105,500,279,20,13.0,1148.747314,-344.39447,0.117726
667,1996.04,500,292,20,13.0,2.855936,-346.658264,0.116584
668,1995.98,500,304,20,13.0,829.204102,-343.677704,0.119407
669,1995.975,500,305,20,13.0,791.191956,-341.606567,0.113818
670,1995.945,500,311,20,13.0,8.052741,-344.834503,0.118052
671,1996.035,500,293,20,13.0,1.294235,-343.076691,0.122696
672,1996.03,500,294,20,13.0,4.963664,-342.137604,0.121609
673,1995.965,500,307,20,13.0,1.634008,-342.860901,0.12393
674,1995.995,500,301,20,13.0,4.706773,-347.139374,0.120674
675,1996.055,500,289,20,13.0,1825.685059,-344.393921,0.115878
676,1995.955,500,309,20,13.0,5.497415,-342.67807,0.112908
677,1995.955,500,309,20,13.0,1082.791016,-341.187286,0.112402
678,1995.965,500,307,20,13.0,4.315387,-342.923584,0.109129
679,1996.045,500,291,20,13.0,1009.02417,-344.742462,0.113008
680,1996.02,500,296,20,13.0,1.781876,-343.985474,0.110383
681,1996.05,500,290,20,13.0,1798.854736,-344.032227,0.112204
682,1996.13,500,274,20,13.0,1.39236,-343.645996,0.111856
683,1996.115,500,277,20,13.0,3.071853,-343.158417,0.11667
684,1996.035,500,293,20,13.0,3.000422,-342.021912,0.114567
685,1996.095,500,281,20,13.0,2.045769,-342.40036,0.116756
686,1996.06,500,288,20,13.0,688.496704,-348.222168,0.113375
687,1996.0,500,300,20,13.0,1.711186,-342.575287,0.111773
688,1995.985,500,303,20,13.0,990.256653,-342.08606,0.110557
689,1996.03,500,294,20,13.0,5.352719,-342.315643,0.107703
690,1996.005,500,299,20,13.0,688.214478,-337.34198,0.110899
691,1996.04,500,292,20,13.0,27.555885,-337.083679,0.119117
692,1995.865,500,327,20,13.0,1016.403687,-345.929962,0.121497
693,1995.975,500,305,20,13.0,734.642029,-341.685333,0.118691
694,1995.95,500,310,20,13.0,1.252808,-342.812317,0.117371
695,1995.92,500,316,20,13.0,774.624084,-342.947845,0.119853
696,1995.98,500,304,20,13.0,2.594591,-344.780914,0.113052
697,1996.05,500,290,20,13.0,5.357291,-340.254761,0.109461
698,1996.065,500,287,20,13.0,2.561628,-342.187805,0.116242
699,1996.145,500,271,20,13.0,1.108186,-339.096191,0.116434
700,1996.19,500,262,20,13.0,1.040586,-345.107056,0.122735
701,1996.155,500,269,20,12.95,7.001525,-336.838989,0.129591
702,1996.135,500,273,20,12.9,773.235718,-340.761688,0.121689
703,1996.22,500,256,20,13.0,4.146824,-342.181641,0.118601
704,1996.12,500,276,20,12.9,9.944241,-341.96405,0.121202
705,1996.075,500,285,20,12.95,7.541656,-340.53833,0.123734
706,1996.11,500,278,20,13.0,760.523804,-340.461975,0.112864
707,1996.07,500,286,20,13.0,939.719849,-342.726166,0.106436
708,1996.025,500,295,20,12.9,2200.758789,-338.930847,0.10485
709,1996.045,500,291,20,12.95,1.400577,-339.172913,0.107254
710,1996.095,500,281,20,12.85,5.316759,-341.196442,0.103734
711,1996.025,500,295,20,12.95,812.021118,-339.904236,0.097361
712,1996.25,500,250,20,12.9,747.96228,-341.212341,0.099203
713,1996.065,500,287,20,12.95,1.376268,-340.972412,0.104472
714,1996.035,500,293,20,12.95,1.314867,-338.372589,0.100771
715,1996.01,500,298,20,13.0,2.826271,-339.459717,0.101941
716,1996.085,500,283,20,12.9,1.390866,-344.035461,0.108814
717,1996.245,500,251,20,13.05,1481.188965,-344.761902,0.106868
718,1996.17,500,266,20,13.0,1712.356445,-342.606323,0.105978
719,1996.18,500,264,20,12.95,1.353381,-337.546448,0.101723
720,1996.14,500,272,20,12.95,0.643849,-342.155823,0.098343
721,1996.03,500,294,20,12.85,3.533303,-339.997162,0.099727
722,1995.93,500,314,20,12.95,0.847752,-340.548218,0.100899
723,1996.0,500,300,20,12.85,1.970875,-338.388062,0.099612
724,1996.04,500,292,20,13.0,2.529465,-340.185669,0.097683
725,1996.035,500,293,20,12.95,3.75216,-337.637665,0.094219
726,1996.255,500,249,20,12.95,0.746601,-340.816956,0.095542
727,1995.975,500,305,20,13.0,1.269274,-339.632629,0.105326
728,1995.97,500,306,20,13.0,3.74181,-339.56839,0.116289
729,1995.855,500,329,20,13.0,3.453608,-340.406525,0.118508
730,1995.76,500,348,20,13.0,755.246887,-341.493256,0.117451
731,1995.845,500,331,20,12.9,7.050535,-339.378479,0.11118
732,1995.885,500,323,20,13.0,2.722096,-337.502686,0.111729
733,1995.92,500,316,20,13.0,807.902832,-339.510193,0.115258
734,1996.385,500,223,20,13.0,813.048462,-340.68222,0.113446
735,1996.225,500,255,20,13.0,7.745523,-335.648956,0.109685
736,1996.335,500,233,20,13.0,15.308556,-336.696533,0.113657
737,1996.315,500,237,20,12.95,1.39493,-339.407166,0.120048
738,1996.445,500,211,20,12.85,708.867981,-339.43988,0.121732
739,1996.37,500,226,20,12.9,0.753898,-337.486664,0.117048
740,1995.795,500,341,20,12.7,1.423934,-335.674622,0.121779
741,1995.855,500,329,20,12.65,3.401783,-337.591827,0.117541
742,1996.145,500,271,20,12.75,1.920785,-340.35611,0.111126
743,1996.15,500,270,20,12.75,0.710324,-335.50882,0.103311
744,1996.245,500,251,20,12.7,6.43816,-335.118591,0.107139
745,1996.185,500,263,20,12.8,1656.005127,-336.841125,0.110285
746,1996.0,500,300,20,13.0,1.193756,-338.748047,0.117229
747,1995.905,500,319,20,12.55,1443.945068,-335.694519,0.117048
748,1995.87,500,326,20,12.7,770.368835,-333.573914,0.122547
749,1996.09,500,282,20,12.8,2.120018,-336.664795,0.115132
750,1996.3,500,240,20,12.7,777.956299,-337.615784,0.107613
751,1996.25,500,250,20,12.45,769.147705,-338.516663,0.10868
752,1996.05,500,290,20,12.55,0.545187,-334.021698,0.111658
753,1995.965,500,307,20,12.65,2.337075,-337.646423,0.115164
754,1995.87,500,326,20,12.55,1.357165,-335.183289,0.127736
755,1995.91,500,318,20,12.65,1.707553,-334.716095,0.123491
756,1996.02,500,296,20,12.45,798.449585,-337.213074,0.1263
757,1995.89,500,322,20,12.7,1.022365,-336.711456,0.121501
758,1995.8,500,340,20,12.35,726.545288,-335.504028,0.120475
759,1995.84,500,332,20,12.6,940.928833,-341.663269,0.115962
760,1995.92,500,316,20,12.3,1483.625854,-338.068665,0.119732
761,1995.91,500,318,20,12.3,1.176512,-337.6633,0.123354
762,1995.995,500,301,20,12.45,766.854553,-336.723022,0.117771
763,1995.89,500,322,20,12.5,1568.853027,-335.52887,0.119078
764,1995.815,500,337,20,12.75,745.251465,-340.678223,0.125828
765,1995.835,500,333,20,12.65,923.575073,-336.238464,0.130268
766,1995.855,500,329,20,12.9,3.735918,-338.113098,0.129678
767,1995.93,500,314,20,13.0,0.897974,-340.474854,0.120127
768,1995.735,500,353,20,12.85,2.412553,-336.786255,0.119149
769,1995.875,500,325,20,12.4,4.450995,-335.412262,0.126711
770,1995.92,500,316,20,12.85,1.266375,-336.974884,0.126749
771,1995.93,500,314,20,12.5,0.881411,-337.386871,0.122812
772,1995.935,500,313,20,12.55,1.294573,-341.090973,0.114246
773,1995.935,500,313,20,12.4,768.427979,-335.11618,0.113978
774,1995.88,500,324,20,12.35,0.692145,-335.089111,0.11169
775,1995.89,500,322,20,12.55,878.783142,-334.761658,0.119884
776,1995.83,500,334,20,12.4,719.124023,-336.95752,0.123398
777,1995.855,500,329,20,12.6,741.714905,-335.905273,0.122964
778,1995.855,500,329,20,12.7,878.068481,-336.502472,0.12318
779,1995.83,500,334,20,12.5,797.816528,-339.807648,0.12122
780,1995.845,500,331,20,12.3,7.624922,-338.65625,0.126218
781,1995.975,500,305,20,12.45,695.305176,-335.734589,0.124105
782,1995.975,500,305,20,12.3,0.936302,-336.614502,0.124064
783,1995.725,500,355,20,12.4,1.698555,-337.293182,0.126193
784,1995.8,500,340,20,12.5,1.720334,-336.197632,0.126244
785,1995.765,500,347,20,12.6,1.470195,-337.586243,0.121478
786,1995.87,500,326,20,12.25,2.313591,-339.473267,0.121391
787,1995.86,500,328,20,12.35,729.131897,-336.159515,0.123134
788,1995.975,500,305,20,12.35,0.637596,-338.98822,0.120161
789,1995.84,500,332,20,12.65,0.883,-339.343536,0.114177
790,1995.75,500,350,20,12.5,2.013013,-335.779541,0.121502
791,1995.905,500,319,20,12.35,1126.740601,-337.423462,0.11946
792,1995.845,500,331,20,12.6,0.667157,-339.145569,0.111739
793,1995.99,500,302,20,12.4,4.625704,-336.793365,0.113915
794,1995.82,500,336,20,12.25,0.875045,-340.253754,0.115878
795,1995.875,500,325,20,12.15,905.134155,-338.104889,0.114718
796,1995.895,500,321,20,12.35,5.663307,-337.105103,0.119428
797,2095.935,500,313,21,12.047619047619047,768.784119,-338.019684,0.12085
798,1995.79,500,342,20,12.15,0.751418,-338.666687,0.121019
799,1995.77,500,346,20,12.35,0.935115,-339.742798,0.123315
800,1995.77,500,346,20,12.4,2644.300781,-335.95459,0.121279
801,1995.825,500,335,20,12.1,0.875354,-340.10434,0.121597
802,1995.79,500,342,20,12.2,1.229391,-338.772156,0.115565
803,1995.94,500,312,20,12.3,2.20773,-340.494507,0.115717
804,1995.765,500,347,20,12.75,1.004862,-338.973267,0.105671
805,1995.745,500,351,20,12.6,760.191772,-338.906433,0.105286
806,1995.555,500,389,20,12.65,1.176333,-340.182007,0.103289
807,1995.65,500,370,20,12.75,1749.348633,-340.130371,0.099463
808,1995.89,500,322,20,12.95,2.310368,-337.927856,0.096849
809,1995.655,500,369,20,12.5,2892.685791,-339.496002,0.108032
810,1995.685,500,363,20,12.65,886.510254,-341.750092,0.10634
811,1995.605,500,379,20,12.65,1932.385986,-339.204224,0.105265
812,1995.875,500,325,20,12.5,10.46052,-338.650726,0.101727
813,1995.85,500,330,20,12.8,0.594733,-339.808624,0.100996
814,1995.775,500,345,20,12.6,1069.929199,-339.511963,0.102769
815,1995.65,500,370,20,12.45,780.68512,-341.975037,0.109775
816,1995.685,500,363,20,12.6,1803.171875,-341.50235,0.111967
817,1995.66,500,368,20,12.6,1.222936,-340.130615,0.112758
818,1995.53,500,394,20,12.45,956.851501,-336.477448,0.119298
819,1995.655,500,369,20,12.65,949.144531,-338.076721,0.114013
820,1995.62,500,376,20,12.6,778.887878,-339.296021,0.118197
821,1995.62,500,376,20,12.45,6.702524,-338.01532,0.111952
822,1995.715,500,357,20,12.9,953.667969,-342.657745,0.100189
823,1995.71,500,358,20,12.85,786.613953,-338.754089,0.098956
824,1995.855,500,329,20,12.85,784.414185,-339.571594,0.093661
825,1995.79,500,342,20,12.5,2049.191406,-341.049133,0.097988
826,1995.82,500,336,20,12.65,0.952418,-343.321503,0.096371
827,1995.825,500,335,20,12.7,1.786487,-340.168854,0.092824
828,1995.765,500,347,20,12.95,1970.177246,-341.05722,0.095264
829,1995.7,500,360,20,12.85,1970.297363,-338.47345,0.093166
830,1995.925,500,315,20,12.8,949.141846,-338.141327,0.085686
831,1995.985,500,303,20,12.95,1.031213,-338.54953,0.082575
832,1995.97,500,306,20,13.15,811.557129,-343.996704,0.079633
833,1996.14,500,272,20,13.0,3.933024,-340.584625,0.088289
834,1996.25,500,250,20,13.05,843.25293,-342.23175,0.109426
835,1996.36,500,228,20,13.05,918.32666,-341.471161,0.123955
836,1996.21,500,258,20,13.0,0.65273,-341.281555,0.126725
837,1996.215,500,257,20,13.0,1128.461426,-341.979004,0.130698
838,1996.135,500,273,20,13.0,0.821581,-342.353546,0.123038
839,1996.205,500,259,20,13.0,0.919893,-340.779694,0.125006
840,1996.345,500,231,20,13.0,972.984802,-341.18042,0.131258
841,1996.355,500,229,20,13.0,1527.227783,-338.579224,0.136475
842,1996.255,500,249,20,13.0,988.275146,-344.498596,0.136894
843,1996.215,500,257,20,13.0,2.777057,-336.760132,0.132879
844,1996.3,500,240,20,13.05,932.843262,-338.140717,0.141749
845,1996.37,500,226,20,12.95,916.963867,-341.254333,0.137168
846,1996.315,500,237,20,13.05,1.06857,-341.121277,0.132859
847,1996.23,500,254,20,13.0,1.242263,-338.645508,0.125682
848,1996.33,500,234,20,13.05,3.002982,-340.428864,0.130793
849,1996.315,500,237,20,13.0,2.503379,-340.229858,0.135717
850,1996.34,500,232,20,13.0,739.435364,-341.138336,0.136547
851,1996.28,500,244,20,13.0,886.791748,-340.632996,0.128075
852,1996.345,500,231,20,13.05,1.268482,-338.069824,0.127691
853,1996.28,500,244,20,13.0,0.477675,-338.51532,0.124358
854,1996.27,500,246,20,13.0,9.102764,-340.500702,0.122955
855,1996.365,500,227,20,13.0,0.640472,-342.733307,0.123782
856,1996.365,500,227,20,13.0,3.430631,-341.895752,0.12643
857,1996.26,500,248,20,13.0,998.810059,-336.979889,0.119094
858,1996.285,500,243,20,13.0,1.13058,-341.585907,0.117862
859,1996.165,500,267,20,13.0,0.760322,-342.015137,0.127989
860,1996.19,500,262,20,13.0,2.772394,-338.477234,0.124568
861,1996.35,500,230,20,13.0,4.642615,-341.630127,0.125598
862,1996.28,500,244,20,13.0,955.057434,-339.051239,0.132728
863,1996.255,500,249,20,13.0,2.171367,-342.100555,0.138531
864,1996.27,500,246,20,13.0,1124.496094,-342.205505,0.149429
865,1996.33,500,234,20,13.0,708.699097,-337.138733,0.156453
866,1996.38,500,224,20,13.05,4.054349,-335.711365,0.154664
867,1996.425,500,215,20,13.15,863.901855,-334.31897,0.148876
868,1996.29,500,242,20,13.0,0.99706,-334.770752,0.137274
869,1996.27,500,246,20,13.1,0.976595,-341.503021,0.129505
870,1996.31,500,238,20,13.0,1.700588,-337.385254,0.119538
871,1996.205,500,259,20,13.0,0.896042,-340.795624,0.120133
872,1996.4,500,220,20,13.0,726.950562,-336.400391,0.122681
873,1996.295,500,241,20,13.1,731.408813,-335.829254,0.126172
874,1996.215,500,257,20,13.0,2.684703,-341.529663,0.126056
875,1996.29,500,242,20,13.0,2.954491,-338.879181,0.132028
876,1996.385,500,223,20,13.0,882.415283,-336.45813,0.153002
877,1996.485,500,203,20,13.0,0.793446,-336.943054,0.147526
878,1996.405,500,219,20,13.0,1.393899,-338.893799,0.142506
879,1996.495,500,201,20,13.0,1.124732,-339.423248,0.147021
880,1996.31,500,238,20,13.0,796.728271,-336.248169,0.135178
881,1996.355,500,229,20,13.0,1.056932,-338.266998,0.124808
882,1996.26,500,248,20,13.05,1.233505,-338.28772,0.118489
883,1996.24,500,252,20,13.0,888.802917,-335.263275,0.121753
884,1996.17,500,266,20,13.0,758.467651,-338.082123,0.124099
885,1996.245,500,251,20,13.0,695.857117,-335.369965,0.123944
886,1996.185,500,263,20,13.0,1.406736,-342.432343,0.118128
887,1996.26,500,248,20,13.0,0.55052,-339.146637,0.121026
888,1996.15,500,270,20,13.05,1.916203,-336.179688,0.116184
889,1996.12,500,276,20,13.1,1033.055908,-336.089478,0.116474
890,1996.12,500,276,20,13.0,1617.770752,-336.361481,0.116452
891,1996.13,500,274,20,13.0,0.641066,-336.648834,0.119972
892,1996.21,500,258,20,13.0,727.49585,-336.278503,0.116401
893,1996.34,500,232,20,13.0,1.681955,-339.074432,0.116642
894,1996.245,500,251,20,12.95,712.025208,-339.663086,0.1163
895,1996.305,500,239,20,13.0,752.565002,-339.067749,0.120587
896,1996.235,500,253,20,12.95,700.219238,-342.923645,0.120457
897,1996.265,500,247,20,12.95,1.000905,-336.797424,0.117809
898,1996.29,500,242,20,13.05,7.70359,-333.590546,0.113852
899,1996.34,500,232,20,13.05,0.883533,-339.299744,0.10917
900,1996.235,500,253,20,13.0,2820.093018,-336.839935,0.114195
901,1996.23,500,254,20,12.95,769.036682,-336.280212,0.108597
902,1996.18,500,264,20,13.0,3.720928,-339.555603,0.103501
903,1996.02,500,296,20,12.95,705.408936,-334.071381,0.098939
904,1996.17,500,266,20,12.95,1612.479126,-338.224335,0.106518
905,1996.245,500,251,20,13.0,653.958496,-337.105469,0.115871
906,1996.205,500,259,20,12.75,871.448608,-334.200317,0.122912
907,1996.035,500,293,20,12.85,1.564545,-335.914856,0.110513
908,1996.15,500,270,20,13.0,1017.458191,-333.926941,0.111675
909,1996.32,500,236,20,13.0,727.134155,-332.582489,0.119018
910,1996.19,500,262,20,13.0,1.099917,-337.2453,0.110654
911,1996.16,500,268,20,13.0,693.005249,-337.603485,0.109173
912,1996.185,500,263,20,12.95,0.998184,-337.350403,0.113823
913,1996.1,500,280,20,12.9,9.555303,-337.258606,0.115068
914,1996.28,500,244,20,12.85,2.55214,-332.958466,0.12154
915,1996.24,500,252,20,12.9,0.53338,-339.037842,0.118785
916,1996.325,500,235,20,12.95,7.009645,-336.618164,0.12218
917,1996.21,500,258,20,13.05,8.771544,-338.655731,0.11198
918,1996.01,500,298,20,12.9,0.415134,-339.169159,0.10546
919,1996.005,500,299,20,13.0,1.406425,-336.639221,0.104518
920,1996.15,500,270,20,12.85,770.459839,-333.555756,0.107891
921,1996.135,500,273,20,12.75,1.041503,-340.607605,0.110385
922,1996.24,500,252,20,12.8,699.793274,-334.581329,0.110504
923,1996.205,500,259,20,12.85,3.259603,-335.042053,0.115629
924,1996.3,500,240,20,12.9,1.282982,-337.721405,0.108586
925,1996.13,500,274,20,12.8,12.87417,-335.709564,0.109456
926,1996.27,500,246,20,12.85,3.443905,-336.920685,0.107652
927,1996.085,500,283,20,12.8,770.470703,-336.443054,0.106352
928,1996.275,500,245,20,12.65,1.5714,-333.313568,0.103065
929,1996.2,500,260,20,12.55,1500.528931,-338.991882,0.106005
930,1996.285,500,243,20,12.55,2.605699,-335.052338,0.10917
931,1996.32,500,236,20,12.6,0.614404,-335.949982,0.109404
932,1996.245,500,251,20,12.75,737.699097,-338.011078,0.107348
933,1996.26,500,248,20,12.75,6.176461,-334.973206,0.114985
934,1996.125,500,275,20,12.6,764.651062,-336.292145,0.106542
935,1996.165,500,267,20,12.35,2.407265,-335.321472,0.111812
936,1996.19,500,262,20,12.6,1.761567,-338.108856,0.125425
937,1996.32,500,236,20,12.5,841.885376,-337.001678,0.114437
938,1996.42,500,216,20,12.7,1692.970215,-337.479431,0.114027
939,1996.66,500,168,20,12.75,1672.210938,-339.207672,0.114172
940,1996.835,500,133,20,12.85,0.98521,-337.734406,0.123968
941,1996.77,500,146,20,12.75,778.245728,-336.297607,0.127374
942,1996.665,500,167,20,12.9,871.674744,-338.301483,0.125311
943,1996.43,500,214,20,12.7,3.257952,-338.80899,0.121828
944,1996.435,500,213,20,12.55,728.914185,-335.898163,0.125384
945,1996.5,500,200,20,12.45,741.593628,-338.770447,0.136636
946,1996.435,500,213,20,12.75,746.924927,-338.283081,0.127693
947,1996.705,500,159,20,12.8,1.934121,-340.81131,0.125187
948,1996.55,500,190,20,12.7,2253.362793,-340.432739,0.114086
949,1996.495,500,201,20,12.75,13.270837,-337.736572,0.108756
950,1996.355,500,229,20,12.75,3.615567,-341.073578,0.101901
951,1996.63,500,174,20,12.85,1.568772,-339.222504,0.106861
952,1996.495,500,201,20,12.4,0.767422,-341.878418,0.113426
953,1996.415,500,217,20,12.6,6.319978,-341.564514,0.115038
954,1996.44,500,212,20,12.4,0.760594,-343.029724,0.114248
955,1996.455,500,209,20,12.35,2.132224,-340.253937,0.120475
956,1996.475,500,205,20,12.4,782.958618,-338.278198,0.118054
957,1996.52,500,196,20,12.35,819.540039,-341.177948,0.115378
958,1996.36,500,228,20,12.35,1.080705,-341.884033,0.107811
959,1996.46,500,208,20,12.45,1557.954102,-343.861328,0.111053
960,1996.395,500,221,20,12.4,5.642557,-340.268982,0.111243
961,1996.45,500,210,20,12.35,0.615133,-339.629517,0.111981
962,1996.345,500,231,20,12.25,1.926711,-345.429443,0.110895
963,1996.405,500,219,20,12.25,0.666237,-343.073456,0.114549
964,1996.33,500,234,20,12.2,7.337567,-341.453186,0.109933
965,1996.53,500,194,20,12.25,2.117272,-343.198853,0.122229
966,1996.51,500,198,20,12.3,2.180634,-345.134491,0.122836
967,1996.6,500,180,20,12.45,0.934257,-341.217102,0.12245
968,1996.405,500,219,20,12.25,1.662482,-343.987122,0.116504
969,1996.585,500,183,20,12.3,7.034448,-341.936279,0.120671
970,1996.4,500,220,20,12.3,11.573962,-342.648926,0.117676
971,1996.42,500,216,20,12.3,2.508507,-347.485321,0.116098
972,1996.015,500,297,20,12.3,766.89209,-343.592529,0.11789
973,1996.205,500,259,20,12.4,1039.369873,-342.307404,0.113817
974,1996.38,500,224,20,12.5,0.783455,-342.529816,0.111394
975,1996.54,500,192,20,12.2,1.273699,-343.972809,0.11798
976,1996.54,500,192,20,12.35,3.91713,-341.215363,0.12
977,1996.51,500,198,20,12.15,1.153599,-344.592224,0.123344
978,1996.51,500,198,20,12.2,832.244507,-336.097168,0.126628
979,2096.38,500,224,21,12.095238095238095,4.026052,-345.076416,0.120371
980,2096.55,500,190,21,12.095238095238095,718.273621,-341.659546,0.128813
981,1996.54,500,192,20,12.25,1.382645,-342.653015,0.130624
982,1996.545,500,191,20,12.25,1048.562744,-346.73526,0.121963
983,1996.465,500,207,20,12.5,845.290649,-346.337708,0.122582
984,1996.53,500,194,20,12.5,1137.836182,-346.329071,0.120905
985,1996.45,500,210,20,12.3,3.866265,-345.842285,0.125448
986,1996.39,500,222,20,12.45,0.279049,-343.034241,0.123489
987,1996.565,500,187,20,12.3,2.323051,-341.443237,0.124417
988,1996.39,500,222,20,12.35,0.859447,-345.560425,0.119162
989,1996.44,500,212,20,12.35,1.543181,-340.910278,0.115963
990,1996.445,500,211,20,12.65,1081.223877,-343.844238,0.115613
991,1996.45,500,210,20,12.75,1980.318604,-346.972931,0.105594
992,1996.495,500,201,20,12.6,1.337919,-342.68811,0.107615
993,1996.34,500,232,20,12.15,1165.028076,-343.59259,0.11045
994,1996.345,500,231,20,12.45,1.078246,-341.532227,0.106999
995,1996.205,500,259,20,12.6,0.744015,-345.729401,0.103903
996,1996.31,500,238,20,12.15,2.217583,-345.430481,0.111744
997,1996.555,500,189,20,12.35,995.208252,-341.333984,0.116871
998,1996.275,500,245,20,12.35,2.022822,-341.759857,0.110163
999,1996.39,500,222,20,12.55,7.780603,-342.243774,0.101647
1000,1996.2,500,260,20,12.35,927.570435,-345.959412,0.101916
